,ASM_MD_FileSize,ASM_MD_NumLines,ASM_SYMBOLS_*,ASM_SYMBOLS_-,ASM_SYMBOLS_+,ASM_SYMBOLS_left_bracket,ASM_SYMBOLS_right_bracket,ASM_SYMBOLS_@,ASM_SYMBOLS_?,ASM_1GRAM_OPCODES_add,ASM_1GRAM_OPCODES_al,ASM_1GRAM_OPCODES_bt,ASM_1GRAM_OPCODES_call,ASM_1GRAM_OPCODES_const,ASM_1GRAM_OPCODES_db,ASM_1GRAM_OPCODES_dd,ASM_1GRAM_OPCODES_dw,ASM_1GRAM_OPCODES_ends,ASM_1GRAM_OPCODES_in,ASM_1GRAM_OPCODES_int,ASM_1GRAM_OPCODES_jb,ASM_1GRAM_OPCODES_jg,ASM_1GRAM_OPCODES_jl,ASM_1GRAM_OPCODES_jo,ASM_1GRAM_OPCODES_jz,ASM_1GRAM_OPCODES_not,ASM_1GRAM_OPCODES_or,ASM_1GRAM_OPCODES_out,ASM_1GRAM_OPCODES_proc,ASM_1GRAM_OPCODES_test,ASM_1GRAM_OPCODES_wait,ASM_REG_rax,ASM_REG_ah,ASM_REG_al,ASM_REG_ch,ASM_REG_cl,ASM_REG_rdx,ASM_REG_dx,ASM_REG_dh,ASM_REG_bx,ASM_REG_bh,ASM_REG_bl,ASM_REG_sp,ASM_REG_bp,ASM_REG_si,ASM_REG_di,ASM_REG_cs,ASM_REG_ds,ASM_REG_es,ASM_REG_fs,ASM_REG_gs,ASM_MISC_Virtual,ASM_MISC_Offset,ASM_MISC_loc,ASM_MISC_Import,ASM_MISC_var,ASM_MISC_UINT,ASM_MISC_LONG,ASM_MISC_BOOL,ASM_MISC_WORD,ASM_MISC_large,ASM_MISC_short,ASM_MISC_dd,ASM_MISC_db,ASM_MISC_dw,ASM_MISC_ptr,ASM_MISC_DATA,ASM_MISC_FUNCTION,ASM_MISC_byte,ASM_MISC_word,ASM_MISC_char,ASM_MISC_arg,ASM_MISC_asc,ASM_MISC_align,ASM_MISC_unk,ASM_MISC_cookie,ASM_MISC_off,ASM_MISC_dll,ASM_MISC_DLL,ASM_MISC_void,ASM_MISC_HRESULT,ASM_MISC_HDC,ASM_MISC_HANDLE,ASM_MISC_int,ASM_MISC_entry,ASM_MISC_rva,ASM_MISC_config,ASM_MISC_exe,ASM_MISC_Software,ASM_MISC_CurrentVersion,ASM_MISC_case,ASM_MISC_microsoft,ASM_MISC_proc,ASM_MISC_search,ASM_MISC_assume,ASM_SECTION_Num_Sections,ASM_SECTION_Unknown_Sections,ASM_SECTION_Unknown_Sections_lines,ASM_SECTION_Unknown_Sections_por,ASM_SECTION_Unknown_Sections_lines_por,ASM_DD_db_por,ASM_DD_dd_por,ASM_DD_dw_por,ASM_DD_dc_por,ASM_DD_dbN0_por,NtQueryPerformanceCounter,NtCreateThreadEx,NtClose,NtSetInformationProcess,NtAllocateVirtualMemory,NtSetEvent,NtWaitForWorkViaWorkerFactory,NtResumeThread,NtClearEvent,NtWaitForMultipleObjects,NtReleaseWorkerFactoryWorker,NtRemoveIoCompletionEx,NtAssociateWaitCompletionPacket,NtPulseEvent,NtCancelTimer,NtSetTimerEx,NtSetIoCompletionEx,NtQueryInformationThread,NtWaitForSingleObject,NtQueryInformationToken,NtOpenKey,NtCallbackReturn,NtCreateEvent,NtWriteFile,NtUnlockFile,NtAlpcSendWaitReceivePort,NtLockFile,NtSetInformationThread,NtUpdateWnfStateData,NtReleaseMutant,NtQueryKey,NtOpenKeyEx,NtQueryValueKey,NtAllocateVirtualMemoryEx,NtReleaseSemaphore,NtAlpcQueryInformation,NtTraceControl,NtSetTimer2,NtWaitForAlertByThreadId,NtAlertThreadByThreadId,NtDelayExecution,NtQuerySystemInformation,NtManagePartition,NtSetInformationKey,NtOpenThreadToken,NtOpenThreadTokenEx,NtSetInformationWorkerFactory,NtContinue,NtContinueEx,NtWorkerFactoryWorkerReady,NtOpenProcess,NtQueryInformationProcess,NtQueryAttributesFile,NtFreeVirtualMemory,NtTerminateThread,NtOpenDirectoryObject,NtQuerySecurityObject,NtOpenProcessToken,NtOpenProcessTokenEx,NtOpenFile,NtDeviceIoControlFile,NtQuerySecurityAttributesToken,NtCreateFile,NtQuerySystemInformationEx,NtCreateKey,NtSetValueKey,NtAlpcImpersonateClientOfPort,NtAlpcQueryInformationMessage,NtPrivilegeCheck,NtAccessCheck,NtAccessCheckByType,NtDeleteWnfStateName,NtQueryInformationFile,NtCreateSection,NtMapViewOfSection,NtUnmapViewOfSectionEx,NtFsControlFile,NtSetSystemInformation,NtQueryLicenseValue,NtCreateTimer,NtAlpcCreateSecurityContext,NtAlpcDeleteSecurityContext,NtSetInformationFile,NtReadFile,NtAlpcCreatePortSection,NtAlpcCreateSectionView,NtAlpcDeletePortSection,NtProtectVirtualMemory,NtTraceEvent,NtCancelWaitCompletionPacket,NtCreateWaitCompletionPacket,NtTestAlert,NtAlpcDisconnectPort,NtRemoveIoCompletion,NtReplyWaitReceivePort,NtReplyWaitReceivePortEx,NtQueryObject,NtSetInformationObject,NtUnmapViewOfSection,NtQueryWnfStateData,NtSubscribeWnfStateChange,NtSetIoCompletion,NtCancelIoFile,NtTerminateProcess,NtDuplicateToken,NtAlpcDeleteSectionView,NtDuplicateObject,NtQueryInformationJobObject,NtSetInformationJobObject,NtUnsubscribeWnfStateChange,NtEnumerateKey,NtCreateIoCompletion,NtPowerInformation,NtQueryDirectoryObject,NtQueryVirtualMemory,NtUnlockVirtualMemory,NtSetInformationVirtualMemory,NtWaitForMultipleObjects32,NtOpenEvent,NtQueryDirectoryFileEx,NtFlushBuffersFile,NtFlushBuffersFileEx,NtQueryVolumeInformationFile,NtSetSecurityObject,NtOpenSymbolicLinkObject,NtQuerySymbolicLinkObject,NtAlpcSetInformation,NtEnumerateValueKey,NtQueryInstallUILanguage,NtIsProcessInJob,NtQueryWnfStateNameInformation,NtGetCompleteWnfStateSubscription,NtCreateUserProcess,NtCreateWnfStateName,NtApphelpCacheControl,NtAlpcOpenSenderThread,NtOpenThread,NtWriteVirtualMemory,NtReadVirtualMemory,NtImpersonateThread,NtQueryDebugFilterState,NtPlugPlayControl,NtResetEvent,NtCreateWorkerFactory,NtCreateTimer2,NtOpenSection,NtConnectPort,NtSecureConnectPort,NtAlpcAcceptConnectPort,NtInitializeNlsFiles,NtQueryDefaultLocale,NtCreateMutant,NtSetWnfProcessNotificationEvent,NtNotifyChangeKey,NtNotifyChangeMultipleKeys,NtGetMUIRegistryInfo,NtAlpcConnectPort,NtAlpcOpenSenderProcess,NtAlpcConnectPortEx,NtAccessCheckByTypeAndAuditAlarm,NtCloseObjectAuditAlarm,NtImpersonateAnonymousToken,NtCreateSemaphore,NtOpenSemaphore,NtAlpcCreatePort,NtAdjustPrivilegesToken,NtQueryMultipleValueKey,NtAccessCheckAndAuditAlarm,NtFindAtom,NtAssignProcessToJobObject,NtCancelIoFileEx,NtDeleteValueKey,NtRegisterThreadTerminatePort,NtQuerySection,NtOpenMutant,NtIsUILanguageComitted,ArbPreprocessEntry,NtCreatePrivateNamespace,NtQueryFullAttributesFile,NtAllocateLocallyUniqueId,NtCreateTokenEx,NtSetInformationToken,NtCreateJobObject,NtCompareObjects,NtAlpcCreateResourceReserve,NtAdjustGroupsToken,NtMapViewOfSectionEx,NtAddAtomEx,NtCreateProcessEx,NtQueryEvent,NtQueryMutant,NtQuerySemaphore,NtGetNextThread,NtSuspendThread,NtAcceptConnectPort,NtRequestWaitReplyPort,NtReplyPort,NtSuspendProcess,NtLoadKeyEx,NtDeleteKey,NtQueueApcThread,NtQueueApcThreadEx,NtShutdownWorkerFactory,NtQueryDirectoryFile,NtResumeProcess,NtAllocateReserveObject,NtRaiseHardError,NtFlushProcessWriteBuffers,NtGetCachedSigningLevel,NtCompareSigningLevels,NtPrivilegedServiceAuditAlarm,NtDeleteAtom,NtQueryInformationAtom,NtGetContextThread,NtCreateSymbolicLinkObject,NtCancelTimer2,NtSetThreadExecutionState,NtMakeTemporaryObject,NtLockVirtualMemory,NtAcquireProcessActivityReference,NtSetTimerResolution,NtNotifyChangeDirectoryFile,NtNotifyChangeDirectoryFileEx,NtTerminateJobObject,NtRaiseException,NtExtendSection,NtCreateNamedPipeFile,NtQueryTimerResolution,NtWriteFileGather,NtOpenPrivateNamespace,NtFlushKey,NtFilterToken,NtReadFileScatter,NtAlpcCancelMessage,NtGetWriteWatch,NtYieldExecution,NtSetContextThread,NtGetNlsSectionPtr,NtQueryDefaultUILanguage,NtDeleteObjectAuditAlarm,NtCreateTransactionManager,NtCreateResourceManager,NtRecoverTransactionManager,NtRecoverResourceManager,NtUnloadKeyEx,NtFlushVirtualMemory,NtSetIRTimer,NtOpenObjectAuditAlarm,NtResetWriteWatch,NtQuerySystemEnvironmentValueEx,NtCreateDirectoryObjectEx,NtCreateLowBoxToken,NtCompareTokens,NtOpenSession,NtAreMappedFilesTheSame,NtSetCachedSigningLevel,NtSetCachedSigningLevel2,NtCreateTransaction,NtOpenKeyTransactedEx,Classification
dbus-daemon.exe,244224,712,70,100,86,93,221,308,55,2,0,0,0,0,0,0,0,0,21,0,0,0,0,0,0,11,1,1,0,0,0,0,0,0,0,0,0,0,0,0,0,0,0,0,0,0,0,0,0,0,0,2,0,6,0,0,0,0,0,0,1,0,7,1,0,0,0,0,3,0,1,10,0,0,1,0,0,0,0,0,0,0,0,6,1,0,3,0,0,0,0,0,0,0,0,85,85,85,1,1,0,0,0,0,0,6083,56,26195,262,613,7746,13470,50,8353,1413,644,1502,667,238,476,687,295,2418,107767,7396,475,156,1436,142,41,21590,39,33644,80,44,15905,16348,10285,390,12,8218,6819,507,8040,7983,493,644,28,66,4911,4922,24848,58,58,42,150,843,113,400,172,128,257,168,176,157,414,484,174,33,59,117,3945,77,13,593,61,4,121,200,119,108,59,4,62,32,239,213,745,729,221,227,221,864,332,10,25,47,4,280,10,10,13,14,88,38,29,8,3,3,46,6,237,180,12,5,6657,13,14,200,969,28,62,1,15,40,1,1,31,1,3,3,19,346,2,6,4,12,2,2,62,2,2,24,20,5,31,8,4,4,8,60,2,2,17,2,4,21,2,9,9,4,60,3,7,8,10,2,15,6,2,39,3,10,5,1,1,1,0,0,0,0,0,0,0,0,0,0,0,0,0,0,0,0,0,0,0,0,0,0,0,0,0,0,0,0,0,0,0,0,0,0,0,0,0,0,0,0,0,0,0,0,0,0,0,0,0,0,0,0,0,0,0,0,0,0,0,0,0,0,0,0,0,0,0,0,0,0,0,0,0,0,0,0,0,0,0,0,0,0,0,0,0,0,0,0
TDEnvCleanup.exe,27096,384,82,49,69,27,29,32,32,0,0,0,0,0,0,0,0,0,1,0,0,0,0,0,0,1,0,0,0,0,0,0,0,0,0,0,0,0,0,0,0,0,0,0,0,0,0,0,0,0,0,0,0,3,0,0,0,0,0,0,0,0,1,0,0,0,0,0,0,0,0,1,0,0,0,0,0,0,0,0,0,0,0,0,0,0,0,1,0,0,0,15,0,0,0,42,42,46,1,1,0,0,0,0,0,6491,98,34851,1123,1975,6318,10809,110,8449,1494,908,1298,758,231,463,700,159,3426,76392,9245,1360,182,2066,6341,0,16693,0,27733,104,69,20072,20582,17655,711,22,6480,7640,580,8209,8155,197,22477,33,1396,5555,5611,18755,85,112,69,328,2573,1004,821,170,216,731,357,477,1310,820,789,1165,84,93,139,4169,123,13,1132,80,8,883,813,2138,1925,197,8,247,71,323,276,1540,700,150,157,148,4920,580,23,119,99,16,288,30,30,2842,42,1714,132,71,16,3,11,182,10,773,193,24,12,6768,36,18,200,6046,28,418,18,69,504,4,4,103,27,60,36,34,492,5,9,27,65,6,9,440,4,17,80,14154,14,99,346,4,20,40,431,8,8,78,7,181,45,7,30,30,8,92,14,33,17,35,6,81,17,5,43,4,43,13,4,1,1,1,191,1,6,210,2,48,3,1,6,2,70,5,2,4,6,1,155,16,4,6,22,1,2,2,1,53,1,1,1,2,20,2,0,0,0,0,0,0,0,0,0,0,0,0,0,0,0,0,0,0,0,0,0,0,0,0,0,0,0,0,0,0,0,0,0,0,0,0,0,0,0,0,0,0,0,0,0,0,0,0,0,0,0,0,0,0,0
cldr-plurals.exe,30720,164,11,24,11,33,19,47,13,0,0,0,0,0,0,0,0,0,4,0,0,0,0,0,0,0,2,0,0,0,0,0,0,0,0,0,0,0,0,0,0,0,0,0,0,0,0,0,0,0,0,2,0,2,0,0,0,0,0,0,0,1,0,0,0,0,0,0,0,0,0,2,0,0,0,0,0,0,0,0,0,0,0,3,0,0,0,0,1,0,0,0,0,0,0,16,16,16,1,1,0,0,0,0,0,6366,64,27662,353,646,6497,11541,56,8763,1753,745,2914,955,273,548,819,1154,2934,89393,7637,555,447,1482,151,46,18729,46,29990,92,89,17705,18014,11125,427,41,6981,6937,534,8179,8123,256,421,28,84,4976,4995,20777,63,63,42,217,912,182,411,169,131,273,204,224,230,449,507,186,45,66,126,3960,79,17,605,63,4,133,216,152,114,60,4,68,54,240,214,730,716,177,183,177,1149,335,10,52,51,6,301,128,128,19,14,93,60,39,18,3,5,58,8,250,180,12,5,6664,21,19,200,985,28,79,1,20,47,1,1,34,1,4,4,19,481,2,6,4,20,2,2,80,2,8,26,32,5,31,8,4,5,10,89,2,2,23,2,4,30,2,10,10,4,60,5,13,9,11,2,25,19,3,44,3,10,63,1,1,1,1,0,4,0,0,0,0,3,0,0,0,0,0,0,0,3,0,0,0,0,0,0,0,0,0,0,1,2,0,0,0,0,0,2,1,0,0,0,0,0,0,0,0,0,0,0,0,0,0,0,0,0,0,0,0,0,0,0,0,0,0,0,0,0,0,0,0,0,0,0,0,0,0,0,0,0,0,0,0,0,0,0,0,0,0,0,0,0
psql.exe,388608,3617,147,234,151,933,842,406,134,3,0,1,0,0,0,0,0,0,15,0,0,0,0,0,0,51,15,2,0,0,0,0,0,0,0,0,0,0,0,0,0,0,0,0,0,0,0,0,0,0,0,2,0,16,0,17,0,0,0,6,7,0,9,10,13,0,36,20,5,7,7,45,2,13,1,0,11,0,0,0,0,0,3,35,0,0,11,12,0,0,1,0,29,9,0,267,267,278,1,1,0,0,0,0,0,6440,64,27701,352,677,8033,13714,57,8755,1749,742,2899,959,275,551,805,1132,2944,109032,7631,552,433,1522,151,46,22423,46,34328,93,89,17697,18009,11350,464,41,8413,6937,536,7894,7833,481,650,28,84,4976,4995,25117,64,64,43,217,1000,179,425,170,131,273,203,223,234,447,507,188,45,66,126,3960,79,17,605,63,4,135,216,154,114,62,4,68,41,240,214,755,742,223,229,223,1149,335,10,50,52,6,294,128,128,20,15,93,60,39,17,3,5,58,8,248,192,12,5,6664,20,19,200,985,28,78,1,21,51,1,1,34,1,4,4,19,481,2,8,4,20,2,2,78,2,8,26,32,5,31,8,4,5,10,88,2,2,23,2,4,30,2,10,10,4,60,5,13,9,11,2,25,19,3,44,3,10,58,1,1,1,1,0,4,0,0,0,0,3,0,0,0,0,0,0,0,3,0,0,0,0,0,0,0,0,0,0,1,2,0,0,0,0,0,2,1,0,0,0,0,0,0,0,0,0,0,0,0,0,0,0,0,0,0,0,0,0,0,0,0,0,0,0,0,0,0,0,0,0,0,0,0,0,0,0,0,0,0,0,0,0,0,0,0,0,0,0,0,0
tampertester.exe,126736,809,161,180,153,130,126,196,201,0,0,0,0,0,0,0,0,0,1,0,0,0,0,0,0,0,0,0,0,0,0,0,0,0,0,0,0,0,0,0,0,0,0,0,0,0,0,0,0,0,0,0,0,1,0,0,0,0,0,0,0,0,4,3,0,0,0,0,0,0,0,1,0,0,0,0,0,1,0,0,0,0,0,0,0,0,0,0,0,0,0,3,0,0,0,144,144,148,1,1,0,0,0,0,0,6710,71,28011,395,850,6643,12490,62,8766,1746,752,2863,949,273,546,815,1119,2981,97137,7851,637,437,1575,181,67,20248,67,31886,95,97,17791,18099,11324,501,43,7530,7015,547,8087,8034,316,6018,29,97,5010,5030,22615,72,72,46,224,1015,219,444,175,139,291,227,248,258,483,544,208,51,66,126,3972,80,19,607,65,4,142,242,194,127,65,4,85,57,241,215,733,727,195,201,195,1384,334,10,53,57,6,290,134,134,18,13,100,68,47,14,3,6,60,8,259,192,12,7,6721,22,19,200,1037,28,108,1,28,56,1,1,51,1,4,4,20,486,2,8,4,24,2,2,110,2,9,26,32,5,31,8,4,6,12,113,3,3,27,2,9,34,3,14,14,6,62,6,15,12,14,3,27,19,4,44,3,10,60,1,1,1,2,0,4,0,3,1,18,15,0,0,0,0,0,0,0,3,0,0,0,0,0,0,1,2,2,0,1,2,0,0,0,0,0,2,0,1,0,0,0,0,0,0,0,0,0,0,0,0,0,0,0,0,0,0,0,0,0,0,0,0,0,0,0,0,0,0,0,0,0,0,0,0,0,0,0,0,0,0,0,0,0,0,0,0,0,0,0,0
9572db826cd8eb447dd13140142c82f9dbfe6a677cd888bae0f0f3cf380ae2ed.exe,278528,1188,237,272,314,311,370,428,235,0,0,0,0,0,0,0,0,0,3,0,0,0,0,0,0,0,0,0,0,0,0,0,0,0,0,0,0,0,0,0,0,0,0,0,0,0,0,0,0,0,0,2,0,6,0,0,0,0,0,0,0,0,4,2,6,0,0,0,0,0,0,0,0,0,0,0,0,3,0,0,0,0,0,0,0,0,0,1,0,0,0,2,0,0,0,256,256,270,1,1,0,0,0,0,0,8202,115,33861,410,1059,7692,12721,112,8665,2232,817,1890,1428,234,482,680,359,3164,78416,9139,1351,651,1853,142,26,20469,26,31332,296,272,17773,23399,14786,1241,26,8531,7641,576,8105,8052,401,7744,42,163,5542,5584,22058,117,185,80,220,1056,259,669,178,178,354,261,294,685,2528,804,1226,55,331,225,5106,331,29,1306,142,5,298,238,342,159,568,8,173,59,259,227,702,714,153,164,153,2589,550,11,82,102,6,308,35,35,149,25,132,245,350,18,3,6,90,13,481,458,64,155,6948,36,41,200,4828,28,224,2,221,48,3,3,238,14,113,93,24,528,3,48,171,715,6,9,230,6,7,44,26,14,237,407,2,14,28,233,7,7,45,6,16,122,6,23,23,10,73,16,18,53,285,5,60,23,5,50,4,401,30,5,1,4,2,34,0,2,3,0,0,10,3,12,4,2,3,4,2,2,0,1,0,0,0,0,1,2,2,0,0,0,6,6,1,3,0,0,1,0,0,0,0,0,0,0,4,1,2,4,0,0,0,0,0,0,0,0,0,0,0,0,0,0,0,0,0,0,0,0,0,0,0,0,0,0,0,0,0,0,0,0,0,0,0,0,0,0,0,0,0,1
3d984c6d23e6b1440dbc5a3c717ce6b068318e625cedc61b3efdcada82d6861f.exe,747008,5966,337,384,596,502,425,2038,442,0,0,0,0,1,0,0,0,1,8,0,0,0,0,0,0,5,1,4,0,0,0,0,0,0,0,0,0,0,0,0,0,0,0,0,0,0,0,0,0,0,0,2,0,10,0,1,0,0,0,0,1,1,5,1,0,1,0,0,5,0,3,0,0,1,0,0,1,0,0,0,0,0,0,4,0,1,0,0,0,0,0,0,1,0,0,358,358,372,1,1,0,0,0,0,0,5882,57,25622,255,587,7346,12426,51,8297,1330,602,1218,568,228,457,664,145,2093,98582,7200,379,135,1268,95,0,19515,0,31221,77,37,15704,16223,10008,455,8,7232,6806,501,8161,8106,323,473,28,65,4843,4854,22842,58,58,42,134,794,109,368,169,126,253,164,172,153,431,474,157,21,57,114,3915,71,1,587,55,3,48,69,117,107,53,2,60,42,239,213,643,710,201,207,201,873,334,10,36,48,4,303,7,7,17,18,89,38,29,19,3,3,46,6,239,186,12,5,6657,13,14,200,969,28,62,1,15,40,1,1,17,1,3,3,19,346,2,7,4,10,2,2,62,2,2,24,20,5,31,0,0,4,8,60,2,2,17,2,4,21,2,9,9,4,60,3,7,8,10,2,15,6,2,39,3,10,5,1,1,1,1,0,0,0,0,0,0,0,0,0,0,0,0,0,0,0,0,0,0,0,0,0,0,0,0,0,0,0,0,0,0,0,0,0,0,0,0,0,0,0,0,0,0,0,0,0,0,0,0,0,0,0,0,0,0,0,0,0,0,0,0,0,0,0,0,0,0,0,0,0,0,0,0,0,0,0,0,0,0,0,0,0,0,0,0,0,0,1
f110528a354648070a7ef4cbc43046ca427adced8aad6c936bdc9e8932e01225.exe,130048,770,154,218,193,175,186,329,188,0,0,0,1,0,0,0,0,0,4,0,0,0,0,0,0,9,0,0,0,0,0,0,0,0,0,0,0,0,0,0,0,0,0,0,0,0,0,0,0,0,0,1,0,4,0,0,0,0,0,0,0,0,1,0,2,0,0,0,0,0,0,1,0,0,2,0,0,1,0,0,0,0,0,1,0,0,0,0,0,0,0,0,0,0,0,183,183,187,1,1,0,0,0,0,0,17127,133,28297,480,2255,4539,6713,333,1511,3033,794,1540,1502,153,433,368,411,2564,17156,10148,3836,3510,1530,1164,13,11128,13,13669,522,1377,13377,10718,12307,1152,573,5430,1200,766,859,824,338,12588,43,1028,6186,6226,9809,135,137,88,808,13693,426,1917,49,100,326,1611,1646,5260,6026,1150,5007,139,187,278,3485,640,128,1576,259,2,1850,330,1955,1608,860,8,245,36,164,134,991,859,6,6,6,5176,5068,12,111,121,1,580,137,137,1643,106,151,468,112,123,0,1,49,12,695,560,68,34,2217,40,119,200,5616,0,331,0,523,731,1,1,2371,9,880,708,13,189,0,64,182,1003,6,9,342,7,13,60,91,12,226,230,5,14,28,362,7,7,63,6,12,829,7,53,53,12,46,25,28,130,361,6,57,26,6,13,3,694,20,6,3,2,1,26,1,0,3,0,83,9,3,14,6,2,4,3,0,2,0,3,0,0,0,202,1,2,2,0,0,0,2,2,0,98,0,0,0,0,0,0,0,0,0,202,42,0,0,42,0,0,0,0,65,0,0,1,0,0,3,0,7,1,1,0,0,0,0,0,0,0,0,0,0,0,0,0,0,0,0,0,0,0,0,0,0,0,0,0,0,1
dc4bb89a5e91280cb1fcf1d87f8616fe3cc283159c8babb240b437d2e1e5a309.exe,406016,171,35,53,57,64,71,88,35,0,0,0,0,0,0,0,0,0,1,0,0,0,0,0,0,0,0,0,0,0,0,0,0,0,0,0,0,0,0,0,0,0,0,0,0,0,0,0,0,0,0,0,0,1,0,0,0,0,0,0,0,0,4,12,0,0,0,0,0,0,0,0,0,0,0,0,0,0,0,0,0,0,0,0,0,0,0,0,0,0,0,0,0,0,0,39,39,39,1,1,0,0,0,0,0,6623,168,69217,672,1718,6755,8412,159,8982,3102,982,2510,1725,253,568,684,573,3636,36709,9859,2968,885,2232,1140,26,12729,26,20216,408,507,18374,23638,15696,1436,37,5287,8002,634,6121,6076,163,7333,44,112,4985,5044,12896,172,224,109,28236,1222,412,975,188,224,489,349,399,9017,10462,1280,9883,80,409,339,4319,478,79,1319,246,15,12964,388,676,360,893,10,177,36,239,207,1853,821,52,55,58,4254,594,11,116,148,23,243,200,200,6002,32,320,313,297,23,3,19,121,36,9224,466,56,113,7579,53,89,200,7183,28,367,7,352,2481,3,3,9294,12,436,351,28,627,2,50,163,848,9,12,381,6,12,55,38,23,305,491,4,21,42,373,11,11,69,9,23,188,11,34,34,22,86,21,28,90,342,9,78,39,9,70,3,523,46,6,1,4,3,2,0,0,6,0,0,92,4,17,4,2,3,3,0,2,0,1,0,0,0,0,2,4,4,0,0,4,6,6,2,3,0,0,0,0,0,0,0,0,0,0,20,1,2,20,0,0,0,0,0,0,0,0,0,0,0,0,0,0,0,0,0,0,0,0,0,0,0,0,0,0,0,0,0,0,0,0,0,0,0,0,0,0,0,0,0,1
51be3d6849f94382fbb2e238aa0536ce498546c670391405e66bd9e80e21f917.exe,162816,3239,404,265,207,99,118,308,139,0,0,0,0,0,0,0,0,0,1,0,0,0,0,0,0,0,0,0,0,0,0,0,0,0,0,0,0,0,0,0,0,0,0,0,0,0,0,0,0,0,0,1,0,1,0,0,0,0,0,0,0,0,0,2,0,0,0,0,0,0,0,0,0,0,0,0,0,1,0,0,0,0,0,0,0,0,0,0,0,0,0,3,0,0,0,258,258,277,1,1,0,0,0,0,0,7865,146,36226,534,1964,6237,10650,142,8349,2112,516,2948,1672,84,176,472,1117,2879,62022,11523,1664,1435,1979,254,94,18460,94,29776,280,350,22710,27083,17450,1829,64,7802,7975,416,8618,8571,84,12638,41,482,5847,5905,18875,148,211,98,292,1227,455,1081,178,235,469,423,475,720,2320,1047,1205,77,347,258,5177,315,41,1176,184,4,508,453,530,182,522,8,240,39,277,229,781,803,118,127,120,3751,587,12,111,130,5,298,386,386,785,27,137,313,365,16,3,3,112,23,518,326,48,148,6928,50,38,200,5617,28,333,8,217,70,3,3,202,13,80,68,30,1027,4,29,154,660,8,11,348,8,12,67,69,22,321,413,6,17,34,357,11,11,74,8,21,153,9,39,39,16,87,23,31,56,292,9,87,43,10,54,5,383,73,5,2,4,3,42,3,2,51,0,112,14,4,16,4,2,4,4,0,36,0,1,0,0,0,0,3,4,7,0,2,2,6,6,1,4,0,2,0,0,0,0,0,0,0,0,2,1,2,2,0,0,0,0,0,0,0,0,0,0,0,0,0,0,0,0,0,0,0,0,0,0,0,0,0,0,0,0,0,0,0,0,0,0,0,0,0,0,0,0,0,1
51cb81ec805a5fe9f67ab14cee4703ca83840285cc81d50761b18092bed8745f.exe,34848,328,92,78,89,88,84,106,77,0,0,0,0,0,0,0,0,0,1,0,0,0,0,0,0,0,0,0,0,0,0,0,0,0,0,0,0,0,0,0,0,0,0,0,0,0,0,0,0,0,0,1,0,0,0,0,0,0,0,0,0,0,4,1,0,0,0,0,0,0,0,0,0,0,0,0,0,0,0,0,0,0,0,0,0,0,0,0,0,0,0,0,0,0,0,80,80,80,1,1,0,0,0,0,0,10010,148,9412,448,1302,3536,8993,167,2448,2720,658,3714,1043,139,281,578,672,1836,12850,4847,1490,364,1256,451,2,16703,2,17490,127,64,7061,6000,6529,831,116,7323,1147,375,424,395,80,679,36,122,1197,1265,15659,160,165,105,172,1778,362,557,57,122,342,273,342,433,958,341,200,90,67,71,728,50,14,1126,59,71,178,244,622,343,73,12,90,16,184,244,163,552,155,155,152,15262,1258,36,156,120,32,1397,1710,1710,103,65,264,187,148,43,4,37,130,30,561,513,247,40,305,57,28,208,5915,0,321,2,79,43,7,7,56,39,21,20,25,740,0,47,47,123,16,30,352,2,29,91,8864,32,31,0,1,33,66,370,18,18,59,16,21,33,16,46,46,10,64,26,112,12,59,4,43,42,2,36,0,83,4,26,0,13,2,43,1,0,6,1,14,40,13,53,26,13,13,27,0,14,0,1,0,0,0,19,2,4,5,1,1,2,0,0,2,0,1,0,2,0,0,0,0,3,3,18,0,11,0,0,0,0,10,0,0,10,2,1,3,1,1,1,0,0,0,1,0,0,0,0,0,0,0,0,0,0,0,0,0,0,0,0,0,0,0,0,0,0,0,0,0,1
b748273a57cb0c0eff16dd6030920c7794d31118e4796471a2d34684c0756144.exe,50176,191,43,57,61,70,77,103,41,0,0,0,0,0,0,0,0,0,1,0,0,0,0,0,0,0,0,0,0,0,0,0,0,0,0,0,0,0,0,0,0,0,0,0,0,0,0,0,0,0,0,0,0,1,0,0,0,0,0,0,0,0,0,0,0,0,0,0,0,0,0,0,0,0,0,0,0,0,0,0,0,0,0,0,0,0,0,0,0,0,0,0,0,0,0,49,49,49,1,1,0,0,0,0,0,6003,136,7669,341,1193,6506,20674,131,722,806,298,1691,800,35,70,410,682,1189,28512,2220,437,1345,1178,173,59,41407,59,42064,113,128,6309,4995,4097,180,70,20075,478,363,196,169,10,279,29,434,992,1031,39795,128,484,123,233,1759,197,1000,60,43,282,233,264,437,871,215,228,57,230,32,513,27,56,661,49,13,165,133,247,138,57,3,90,59,168,164,472,490,431,431,431,1622,319,11,92,131,18,270,299,299,1059,35,88,152,51,24,3,13,67,15,243,214,16,9,298,26,13,324,2000,52,156,12,22,41,2,2,59,2,11,9,8,423,2,9,4,20,2,4,162,3,7,28,35,3,35,8,0,9,18,187,5,5,26,2,11,86,3,46,46,2,32,11,12,14,18,2,47,17,2,18,0,14,66,1,0,0,1,94,5,4,51,0,36,1,0,3,1,1,1,2,2,6,0,2,0,0,0,0,3,6,10,0,1,2,3,3,0,9,0,2,0,0,12,32,2,0,0,0,0,2,0,0,0,0,2,1,1,0,0,0,0,0,1,0,0,0,0,0,0,0,0,0,0,0,0,0,0,0,0,0,0,0,0,0,0,0,0,0,0,0,0,0,0,1
c532d28f9700abba1a4803c3a9d886c8c4fb26f84cf2399c533d68cfdcec4fa7.exe,932808,12720,195,176,7694,222,265,316,196,0,0,0,0,0,0,0,0,0,2,0,0,0,0,0,0,0,0,0,0,0,0,0,0,0,0,0,0,0,0,0,0,0,0,0,0,0,0,0,0,0,0,0,0,11,0,2,0,0,0,0,0,0,198,180,196,5,0,0,0,0,0,2,3,0,5,0,0,4,2,0,0,2,0,1,0,4,0,1,0,0,0,2,0,0,0,145,145,168,1,1,0,0,0,0,0,7188,147,7337,267,2664,6582,21429,103,326,1007,171,593,629,2,17,501,163,206,28011,2200,85,59,1391,125,0,43145,0,43076,144,583,3278,4113,7752,129,46,20924,110,830,203,169,52,389,26,1053,1031,1050,41578,149,150,105,117,1232,55,1142,96,30,120,58,69,128,2088,1067,300,22,106,40,685,28,0,682,198,41,50,33,82,148,49,1,13,64,237,239,452,466,415,415,415,481,354,9,67,130,30,336,25,25,201,142,59,66,74,73,3,11,15,6,374,354,12,36,60,34,11,324,311,260,43,0,19,7,2,2,26,4,3,1,18,4,1,5,3,44,0,31,42,0,0,0,0,0,144,148,0,14,28,41,1,1,34,1,2,26,1,8,8,0,52,13,3,2,18,0,4,1,13,1,0,39,0,0,0,0,1,24,1,2,0,0,2,0,0,0,0,0,0,2,0,0,0,0,0,0,0,0,0,0,0,0,0,1,0,0,13,0,0,0,0,0,0,0,0,0,0,0,0,1,0,0,208,1,0,1,1,0,0,0,0,1,1,0,0,0,0,0,1,0,0,0,0,0,0,0,0,0,0,0,0,0,0,0,0,0,0,0,0,0,0,0,0,1
f0c2c9663215a97b04f1f97cb34c99c2cf06ba502fd1f1ad4922ead45fa442a6.exe,681984,2280,276,304,545,544,1090,656,324,0,0,0,0,0,0,0,0,0,5,0,0,0,0,0,0,4,3,0,0,0,0,0,0,0,0,0,0,0,0,0,0,0,0,0,0,0,0,0,0,0,0,3,0,9,1,0,0,0,0,0,1,0,7,1,1,0,0,0,0,0,1,2,0,0,2,0,0,0,0,1,0,0,0,1,0,0,0,0,0,0,1,2,1,0,0,336,336,354,1,1,0,0,0,0,0,5541,93,31137,534,1293,6764,12570,85,7725,1104,365,1488,790,80,161,479,457,1371,100061,10556,1012,609,1406,130,31,21415,31,32561,86,1800,23855,21416,14435,486,100,8392,7371,386,8054,7995,421,6371,32,674,5406,5464,23553,86,120,62,422,1523,394,509,170,184,394,567,618,458,501,757,307,73,335,169,4086,79,14,691,113,5,182,298,494,245,78,6,102,62,264,228,669,756,207,213,209,3227,334,27,122,91,9,307,185,185,1395,31,189,193,92,16,3,8,106,22,324,192,12,7,7180,40,15,200,3744,29,250,58,32,55,1,1,59,5,14,14,30,851,3,8,4,20,5,5,254,8,8,60,200,15,100,8,0,13,26,292,9,9,48,5,11,283,5,50,50,8,79,24,20,23,30,5,51,53,4,51,3,14,72,1,11,1,1,49,4,2,54,0,63,10,0,3,0,0,1,0,2,46,0,1,0,0,0,0,4,6,7,0,2,2,3,3,0,4,0,0,0,0,12,30,2,0,0,0,0,0,0,0,0,0,0,0,0,0,0,0,0,0,0,0,0,0,0,0,0,0,0,0,0,0,0,0,0,0,0,0,0,0,0,0,0,0,0,0,0,0,0,0,0,1
f4db61bb14a7af406c9cfc33075c6f74ab711bedf1e1fd6edc4f524bd304c1b6.exe,57344,227,55,52,67,94,83,98,61,0,0,0,0,0,0,0,0,0,1,0,0,0,0,0,0,0,0,0,0,0,0,0,0,0,0,0,0,0,0,0,0,0,0,0,0,0,0,0,0,0,0,0,0,2,0,0,0,0,0,0,0,0,0,0,0,0,0,0,0,0,0,0,0,0,0,0,0,0,0,0,0,0,0,0,0,0,0,0,0,0,0,0,0,0,0,51,51,51,1,1,0,0,0,0,0,14700,146,32862,387,2186,5149,6824,216,2121,3074,851,1822,1230,81,231,603,648,2586,17723,5823,4259,592,1210,1914,1,12917,1,13264,319,769,10537,12638,7670,2573,342,4180,779,710,768,735,307,4962,36,418,4495,4526,7780,123,488,89,170,8190,7040,2647,53,96,256,464,497,8328,4502,748,8007,50,75,149,1904,395,66,930,152,6,4433,319,5988,5704,459,3,178,13,133,117,2215,970,5,6,5,3975,5694,3,80,157,1,437,343,343,794,84,4623,216,218,82,0,0,47,2,451,421,55,88,1169,29,70,200,3455,18,257,15,320,13191,1619,1619,1030,16,464,375,13,317,1,45,115,643,5,15,267,7,13,42,87,12,173,158,3,13,26,293,6,6,64,5,10,161,5,28,28,10,44,18,27,77,260,6,32,21,8,21,1,453,42,6,0,1,1,37,73,2,45,0,35,13,4,16,6,3,4,4,0,4,0,0,0,0,0,72,1,2,2,0,0,0,0,0,1,30,0,2,0,0,0,0,0,0,0,72,22,1,0,22,19,1,0,0,9,3,0,0,0,1,2,0,0,0,1,0,0,0,0,0,0,0,0,0,0,0,0,0,0,0,0,0,0,0,0,0,0,0,0,0,0,1
e0eeb7b3fdd0de45153bf6a53078370e37b81e5c4caafe4f9657e1414fcb7137.exe,852992,4522,462,268,293,128,121,357,118,0,0,0,0,0,0,0,0,0,1,0,0,0,0,0,0,0,0,0,0,0,0,0,0,0,0,0,0,0,0,0,0,0,0,0,0,0,0,0,0,0,0,2,0,1,0,0,0,0,0,0,0,0,0,1,0,0,1,0,0,0,0,0,0,0,0,0,1,0,0,0,0,0,0,0,0,0,0,0,0,0,0,3,0,0,0,190,190,276,1,1,0,0,0,0,0,7707,145,44426,2253,2276,5912,8275,140,7681,2661,495,2046,2099,80,174,354,640,3328,25595,11242,1811,1043,1977,132,57,13908,57,19476,544,2011,23772,26588,16464,1690,108,6189,7268,476,6312,6267,49,6696,41,357,4440,4492,12729,145,219,98,363,3104,1470,1440,176,216,477,631,682,7919,2541,1045,1399,90,349,274,4556,588,32,1365,188,4,334,423,582,291,726,0,184,35,280,239,559,558,31,36,34,3582,638,21,115,134,6,163,157,157,726,37,244,600,886,20,3,3,100,21,803,364,60,403,6428,51,40,200,5740,27,291,48,481,20400,4,4,262,13,119,99,35,586,2,34,413,1700,7,11,295,5,8,63,205,17,519,415,2,17,34,344,9,9,68,7,18,375,7,42,42,14,87,31,26,60,544,8,66,64,7,49,3,907,89,7,11,4,2,12,4,0,48,0,30,23,4,16,6,3,4,4,0,40,0,1,0,0,0,0,2,2,3,0,2,2,6,6,1,19,0,0,0,0,0,0,0,0,0,0,4,1,2,4,0,0,0,0,0,0,0,0,0,0,0,0,0,0,0,0,0,0,0,0,0,0,0,0,0,0,0,0,0,0,0,0,0,0,0,0,0,0,0,0,0,1
583f35d8d15dd19cd1cdcc1e03f6b3e1eaf1fa0df452eb80868d3767292d523b.exe,2228224,22337,1467,1396,1385,1266,757,3769,1570,2,0,0,4,0,0,0,0,0,27,2,0,0,0,0,0,3,1,1,0,0,0,1,0,0,0,3,0,0,0,0,0,0,0,0,0,0,0,0,0,0,0,8,8,39,0,1,0,0,0,0,2,0,9,3,2,9,1,0,1,1,0,2,0,0,0,0,4,4,0,0,0,0,0,20,1,0,0,3,0,0,1,0,1,0,0,1107,1107,1166,1,1,0,0,0,0,0,6627,128,5826,295,1161,7219,18826,186,1109,1106,411,2626,953,115,230,2468,1229,1694,27430,1390,268,1845,1122,202,98,37661,98,37914,119,66,3551,3718,3082,143,83,18101,226,363,220,185,45,221,26,24,919,943,35890,134,134,116,185,1895,82,987,54,32,62,92,114,176,939,126,840,42,6,24,486,39,74,688,59,14,68,37,82,120,54,3,4,48,168,173,549,559,388,388,388,741,342,8,51,110,18,287,228,228,39,33,66,107,28,29,3,12,33,9,333,361,10,9,9,18,16,324,704,52,53,0,11,10,2,2,41,0,4,2,6,140,0,6,3,29,0,2,48,3,7,3,12,0,4,0,0,4,13,57,2,2,11,1,2,17,1,9,9,4,18,4,8,2,4,0,17,15,1,6,0,9,96,0,0,0,0,0,4,0,3,0,684,35,0,0,0,0,0,2,0,3,0,0,0,0,0,69,1,2,8,0,0,2,0,0,0,0,0,2,0,0,0,0,0,0,0,69,0,1,0,0,0,0,2,1,1,0,0,0,0,1,1,0,0,0,0,0,0,30,5,0,0,0,0,0,0,0,0,0,0,0,0,0,0,0,0,0,0,0,0,0,0,1
7af890c71121d682203be3b23497272f4338cdc27f5af49c41f8275d582e85e1.exe,94724,509,149,146,160,139,175,180,131,0,0,0,0,0,0,0,0,0,1,0,0,0,0,0,0,0,0,0,0,0,0,0,0,0,0,0,0,0,0,0,0,0,0,0,0,0,0,0,0,0,0,0,0,0,0,0,0,0,0,0,0,0,4,1,0,0,0,0,0,0,0,0,0,0,0,0,0,0,0,0,0,0,0,0,0,0,0,0,0,0,0,0,0,0,0,148,148,151,1,1,0,0,0,0,0,3893,123,32432,285,2601,5686,5588,122,779,1347,475,1759,1811,13,82,127,470,1498,12783,5344,3622,1400,1102,1397,1,10233,1,10992,310,331,9992,11910,7217,1951,32,3684,771,470,487,459,600,1972,25,313,5040,5099,6748,127,193,89,210,1030,3875,2650,43,62,202,629,685,7036,3307,644,6652,50,375,278,1878,337,94,4969,129,4,5081,364,3546,3265,600,0,249,12,136,123,5838,1437,13,42,17,3056,2500,9,112,111,5,99,72,72,842,23,3249,214,224,1,0,6,103,11,384,265,22,89,1047,33,117,810,5648,0,273,9,279,10257,8,8,927,6,545,454,12,348,0,17,105,615,6,7,288,7,10,46,38,12,179,1661,3,15,30,318,11,11,55,7,15,168,7,50,50,14,41,17,24,75,248,5,86,20,4,15,1,403,9,2,0,13,2,24,0,0,54,0,13,78,2,13,2,1,3,2,0,6,0,1,0,0,0,0,4,8,8,0,8,11,25,25,1,38,0,0,0,0,12,30,1,0,0,0,18,0,8,18,0,0,0,0,6,0,0,0,0,0,0,0,0,0,0,0,0,0,0,4,0,0,0,0,0,0,0,0,0,0,0,0,0,0,0,0,0,0,0,0,0,1
e5f60df786e9da9850b7f01480ebffced3be396618c230fa94b5cbc846723553.exe,590848,2734,1168,1351,1246,1459,1327,359,1482,0,0,0,0,0,0,0,0,0,2,0,0,0,0,0,0,0,0,0,0,0,1,0,0,0,0,0,0,0,0,0,0,0,0,0,0,0,0,0,0,0,0,0,0,1,0,0,0,0,0,0,0,0,5,7,3,0,0,0,0,1,0,0,0,0,0,0,1,0,0,0,0,0,0,0,0,0,0,0,0,0,0,0,0,0,0,988,988,1034,1,1,0,0,0,0,0,15813,138,38053,391,1148,6999,7623,317,1315,3370,765,728,1313,126,427,315,13,2737,20616,4157,5518,102,1390,1667,0,13175,0,14998,630,781,4705,6523,8618,1880,442,5786,1307,691,967,938,438,13691,40,177,3144,3187,10395,146,146,81,153,10684,2938,1220,57,84,241,162,199,7815,7674,1054,7660,71,157,378,3364,787,190,1440,240,3,2886,454,2210,1858,973,7,51,23,130,119,3049,812,3,5,3,6251,5888,4,87,117,2,537,61,61,9499,87,481,263,123,115,0,5,70,2,5244,589,56,42,2790,33,164,200,17335,0,442,0,645,6859,1,1,2372,30,1187,953,12,306,0,72,173,1217,10,13,461,6,16,45,21624,20,263,300,6,18,36,467,11,11,59,9,17,169,9,24,24,18,39,17,23,140,373,6,46,16,6,17,1,813,12,9,0,1,2,196,3,0,6,1,44,12,4,18,9,3,5,5,0,4,1,1108,332,108,57,178,2,4,4,1,1,1,0,0,0,9,0,0,0,0,0,0,0,0,0,234,58,0,0,58,0,0,0,2,9,0,0,0,1,0,3,0,0,1,1,0,0,26,0,0,0,0,0,0,0,0,0,0,0,0,0,0,0,0,0,0,0,0,0,0,0,1
0a506b1798561b784921b7070c88fbd2e2cdef6d17a500583b1cbd03c5181999.exe,81920,638,12,10,25,14,42,172,16,0,0,0,0,0,0,0,0,0,1,0,0,0,0,0,0,0,0,0,0,0,0,0,0,0,0,0,0,0,0,0,0,0,0,0,0,0,0,0,0,0,0,0,0,2,0,0,0,0,0,0,0,0,1,1,0,0,0,0,0,0,0,0,0,0,0,0,0,0,0,0,0,0,0,0,0,0,0,0,0,0,0,0,0,0,0,16,16,16,1,1,0,0,0,0,0,7795,142,22061,831,4461,7253,8317,136,3210,3838,1130,3580,2344,382,770,948,1095,5342,29171,10941,1748,6988,2149,391,8,12372,8,14499,586,1310,19580,20111,14272,1085,866,5631,1397,821,764,724,142,13093,36,830,7448,7500,11266,136,188,97,939,5395,471,2547,178,296,474,1337,1377,1689,2576,1046,1529,136,407,215,2942,602,22,1037,181,7,1020,219,445,175,321,6,326,48,258,228,1155,370,29,32,28,3133,519,28,133,128,9,157,270,270,1750,37,137,771,1009,17,3,9,72,32,808,227,34,474,676,43,28,200,4573,28,260,5,532,360,4,4,280,10,234,197,28,600,1,14,475,1916,9,11,270,9,11,90,72,18,642,373,0,18,36,344,11,11,60,9,17,873,9,60,60,18,79,24,24,92,646,8,53,26,8,26,2,1023,130,4,3,4,3,17,1,0,54,0,197,49,3,12,4,2,3,3,0,2,0,1,0,0,0,0,2,4,5,0,0,0,4,4,0,113,0,0,0,0,0,0,0,0,0,0,2,1,1,0,0,0,0,0,90,0,0,0,0,0,0,0,0,0,0,0,0,0,0,0,0,0,0,0,0,0,0,0,0,0,0,0,0,0,0,0,0,0,0,0,0,1
8b13802f1e7b60cbd1e0a120ec41dcdae659712b0cff79188c176c7a55e67e59.exe,163328,429,110,112,117,166,168,183,106,0,0,0,0,0,0,0,0,0,1,0,0,0,0,0,0,0,0,0,0,0,0,0,0,0,0,0,0,0,0,0,0,0,0,0,0,0,0,0,0,0,0,0,0,1,0,0,0,0,0,0,0,0,3,1,0,0,0,0,0,0,0,0,0,0,0,0,0,0,0,0,0,0,0,0,0,0,0,0,0,0,0,0,0,0,0,98,98,98,1,1,0,0,0,0,0,5596,244,25251,1320,1856,4140,7575,239,1239,2059,743,2476,1164,180,363,573,990,2447,9059,11035,3206,8741,1889,14668,391,14024,391,15828,154,1806,19475,17913,14003,1094,227,6633,1391,413,240,229,28,864,28,948,3864,3963,12797,214,281,185,1530,7509,979,902,46,539,1027,1840,1910,1726,1203,2341,1409,129,419,216,2083,228,239,2808,241,20,1226,969,1107,728,216,9,375,60,161,149,333,442,75,246,67,3814,966,32,201,250,19,269,221,221,2223,417,294,383,115,39,3,11,163,28,1060,424,42,31,1494,65,19,1298,5813,53,395,36,101,2132,2,2,424,44,94,86,21,640,7,17,19,121,9,14,404,15,16,95,72,12,70,60,5,26,52,511,15,15,85,10,25,1492,9,129,131,12,93,426,37,81,210,9,103,26,8,54,1,165,345,5,1,2,1,184,4,6,57,3,107,12,4,21,5,3,3,5,4,10,0,1,0,0,0,0,5,10,10,0,1,18,9,9,1,104,0,0,0,0,12,30,2,2,5,0,2,6,1,0,0,0,0,1,35,0,0,2,0,0,1,3,0,0,0,0,0,0,0,0,2,11,1,2,1,1,1,0,0,0,0,0,0,0,0,0,0,0,0,0,0,1
a94859fc5681632d6e2cba1648e13a45ad52f1907dc7a3d3d77bba8cc9bf791d.exe,808960,5294,1643,1631,1627,1620,1667,1680,1612,0,0,0,1,0,0,0,0,0,4,0,0,0,0,1,0,9,0,0,0,0,0,0,0,0,0,0,0,0,0,0,0,0,0,0,0,0,0,0,0,1,0,1,0,6,0,0,0,0,0,0,0,0,13,9,9,0,0,0,0,0,0,1,0,0,1,0,0,0,1,0,0,0,0,1,0,0,0,0,0,0,0,0,0,0,0,1589,1589,1616,1,1,0,0,0,0,0,9462,148,35817,584,2679,5801,9441,144,8143,2695,472,2577,1688,76,163,731,950,2292,49456,10628,1318,1187,1862,166,70,17162,70,26125,300,624,21714,26536,17399,1491,68,7925,7852,525,8551,8499,38,7570,40,641,5875,5930,16197,140,613,102,402,1201,362,1941,168,217,456,391,436,666,3387,985,1118,78,361,246,5228,332,39,1203,168,9,323,285,441,167,566,7,210,57,303,249,650,630,82,85,86,3147,552,14,129,140,8,161,288,288,1040,37,131,318,425,20,3,7,100,14,536,358,56,172,6955,50,37,200,4560,46,273,6,225,57,4,4,188,17,83,71,29,617,4,32,174,751,7,19,282,5,16,71,234,17,318,433,2,21,42,313,9,9,73,7,17,141,7,36,36,10,88,21,35,57,300,7,71,41,8,50,5,409,70,5,1,16,3,80,3,4,51,0,34,11,3,12,4,9,4,3,4,4,0,2,0,0,0,2,2,4,4,0,1,1,7,7,2,5,0,2,0,0,0,0,0,0,0,0,2,1,2,2,19,1,0,0,1,0,0,0,0,2,0,0,0,0,0,0,0,0,0,0,0,0,0,0,0,0,0,0,0,0,0,0,0,0,0,0,0,0,0,0,0,1
cfe9b79faf455e5ba96d1949d24af3bc4ea4671ade277df1a9674ab538c62c9d.exe,113373,719,188,200,196,216,206,248,171,0,0,0,0,0,0,0,0,0,1,0,0,0,0,0,0,0,0,0,0,0,0,0,0,0,0,0,0,0,0,0,0,0,0,0,0,0,0,0,0,0,0,1,0,1,0,0,0,0,0,0,0,0,1,1,0,0,0,0,0,0,0,0,0,0,0,0,0,1,1,0,0,0,0,0,0,0,0,0,0,0,0,4,2,0,0,186,186,187,1,1,0,0,0,0,0,3465,137,12007,301,2426,1751,3119,123,876,1155,324,1291,833,65,134,262,461,1990,2082,2457,846,1417,831,8288,57,5168,57,6969,243,112,1592,1977,2312,608,62,2440,377,154,231,220,12,1418,17,20,1314,1344,4520,146,150,109,279,1131,142,1972,31,68,126,230,257,8140,789,345,2737,52,74,69,1344,258,47,438,96,6,8389,228,189,64,119,0,22,14,93,83,8321,44,3,4,2,1454,919,5,46,117,4,113,203,203,33,35,53,249,332,22,3,3,43,3,435,232,36,153,107,22,19,162,1935,24,139,0,183,19932,2,2,150,9,151,47,11,258,0,11,152,641,3,7,141,4,4,17,17,6,148,46,5,6,12,141,4,4,27,3,7,113,4,15,15,8,25,12,11,73,338,3,26,9,3,11,1,408,66,4,0,2,3,1,3,0,3,0,13,10,3,12,4,2,3,4,0,2,0,0,0,0,0,0,1,2,6,0,1,0,4,4,0,2,0,0,0,0,0,0,0,0,0,0,2,1,0,0,0,0,0,0,4,0,0,0,0,0,1,0,0,0,0,0,0,0,0,0,0,0,1,2,1,1,1,0,0,0,0,0,0,0,0,0,0,0,0,0,0,1
ce7a28d3f7cbcb06f484a17dcd244ac1cd126f8c557b702e011f57448045f4cf.exe,1063572,7894,2474,2561,2566,2485,2534,2598,2538,0,0,1,0,0,0,0,0,0,1,0,0,0,0,0,0,0,0,0,0,0,0,0,0,0,0,0,0,0,0,0,0,0,0,0,0,0,0,0,0,0,0,1,0,1,0,0,0,0,0,0,0,0,13,17,17,0,0,0,0,0,0,0,0,0,0,0,0,1,0,0,0,0,0,0,0,0,0,0,0,0,0,3,0,0,0,2518,2518,2548,1,1,0,0,0,0,0,5782,95,29031,419,1587,5398,10529,90,8013,1428,393,2435,889,92,185,540,962,2117,80868,9470,885,971,1359,216,68,17864,68,29853,95,141,20847,20226,13368,507,49,6782,7226,361,8478,8419,27,5958,31,453,5154,5186,19500,94,103,67,239,1038,356,746,172,180,358,325,355,406,506,730,349,49,78,157,4036,77,19,650,101,3,286,251,363,156,71,6,134,57,257,215,642,758,163,163,168,2519,375,11,74,83,5,300,381,381,745,22,116,123,60,21,3,3,74,20,304,180,12,5,6727,30,16,200,2482,28,212,8,38,64,1,1,57,4,12,12,25,903,3,7,4,22,5,5,221,7,9,55,64,15,155,12,2,10,20,238,8,8,48,5,10,59,5,23,23,10,74,11,21,15,31,6,56,28,7,42,3,27,58,1,2,1,1,38,3,0,51,0,112,4,1,4,0,0,1,1,0,36,0,1,0,0,0,0,3,4,7,0,2,2,0,0,0,1,0,2,0,0,0,0,0,0,0,0,0,0,0,0,0,0,0,0,0,0,0,0,0,0,0,0,0,0,0,0,0,0,0,0,0,0,0,0,0,0,0,0,0,0,0,0,0,0,0,0,0,0,0,0,0,1
367be023f4a72163883ac2b7b6a1f40215e6431aee2b560f68bd8f0385d9c2ae.exe,110592,3167,311,197,215,90,83,102,80,0,0,0,0,0,0,0,0,0,1,0,0,0,0,0,0,0,0,0,0,0,0,0,0,0,0,0,0,0,0,0,0,0,0,0,0,0,0,0,0,0,0,0,1,1,0,0,0,0,0,0,0,0,0,0,0,0,0,0,0,0,0,0,0,0,0,0,0,1,0,0,0,0,0,0,0,0,0,0,0,0,0,3,0,0,0,86,86,191,1,1,0,0,0,0,0,13700,426,33270,1251,11090,5949,10671,398,2434,694,608,762,1122,2,6,245,206,1462,19022,13998,7161,199,2929,172,6,20442,6,22010,118,5593,27405,23130,19844,843,83,9757,6723,543,2000,1954,178,3507,75,2379,9043,9235,19073,340,366,313,1716,4197,1534,5546,120,386,630,1296,1394,1677,1488,1675,1204,302,409,26,1307,79,39,1275,153,46,468,1527,2752,1361,124,27,711,62,416,389,263,367,228,235,216,13149,350,13,480,438,50,305,122,122,4803,73,1193,480,215,33,3,63,297,105,653,564,42,12,5452,197,13,324,48039,52,1272,146,130,189,3,3,374,2,89,87,22,157,24,36,18,59,53,56,1376,60,55,211,4060,58,154,8,0,132,264,1417,79,79,157,54,125,140,41,159,159,52,74,71,43,60,117,14,245,57,14,93,1,67,0,1,2,0,1,687,3,48,1878,5,131,146,1,5,0,4,1,2,52,4,0,2,0,0,0,5,25,50,50,0,0,1,1,1,0,53,0,0,0,98,0,0,0,4,10,0,0,0,0,0,0,0,0,1,7,0,0,0,26,0,1,3,0,0,0,0,0,89,0,0,0,0,0,0,0,0,0,2,1,0,0,0,0,0,0,0,0,0,0,0,0,1
affcb453760dbc48b39f8d4defbcc4fc65d00df6fae395ee27f031c1833abada.exe,559104,1998,247,321,591,575,920,735,363,0,0,0,0,0,0,0,0,0,2,0,0,0,0,0,0,3,0,0,0,0,0,0,0,0,0,0,0,0,0,0,0,0,0,0,0,0,0,0,0,0,0,1,0,8,0,0,0,0,0,0,0,0,2,1,1,0,0,0,0,0,0,0,0,0,0,0,0,0,0,0,0,0,0,0,0,0,0,0,0,0,0,2,0,0,0,310,310,318,1,1,0,0,0,0,0,9122,152,30911,959,1976,5060,3579,144,3786,4524,1252,10085,2492,800,1607,2086,4642,9602,13117,17950,3238,14734,1892,9676,245,6232,247,8321,158,2132,40032,34968,19639,615,402,2134,1155,522,1446,1407,1068,747,36,728,41593,41703,3863,142,144,109,849,9620,1301,512,86,125,286,4890,4997,3087,928,975,1632,210,186,76,1142,159,211,1330,339,10,19117,338,465,128,373,10,2104,49,148,148,55359,10050,16,19,14,3158,488,37,186,140,9,189,728,728,246,63,74,426,65,15,0,12,168,41,211,216,40,0,690,53,32,324,8546,28,277,0,79,1250,0,0,501,171,69,66,12,585,3,9,10,66,9,12,302,12,31,65,71,14,71,20,4,21,42,328,13,13,78,9,17,585,10,84,84,14,37,52,44,65,147,5,73,46,8,27,1,92,336,4,3,11,0,41,11,6,12,3,3604,70,3,12,4,3,3,3,4,9,0,1,0,0,0,0,4,8,26,0,0,3,0,0,0,197,0,6,0,0,0,0,0,0,0,0,0,1,0,0,0,0,6,2,93,0,0,0,0,0,0,3,0,0,0,0,182,0,0,0,0,0,0,0,0,0,0,2,1,4,2626,0,0,0,0,0,0,0,0,0,0,1
34c392448fc0818278cd19bb0841adf573e967be8a0f73bb42bb367a5835b6ea.exe,94720,498,142,148,169,140,176,164,140,0,0,0,0,0,0,0,0,0,1,0,0,0,0,0,0,0,0,0,0,0,0,0,0,0,0,0,0,0,0,0,0,0,0,0,0,0,0,0,0,0,0,0,0,0,0,0,0,0,0,0,0,0,5,0,0,0,0,0,0,0,0,0,0,0,0,0,0,0,0,0,0,0,0,0,0,0,0,0,0,0,0,0,0,0,0,154,154,155,1,1,0,0,0,0,0,3590,130,30881,292,2369,5457,5322,128,767,1248,537,1684,1743,13,72,121,453,1453,12076,5397,3432,1355,1038,1313,1,9892,1,10518,281,304,9418,11821,7051,2101,31,3576,774,462,418,396,507,1885,24,314,4904,4968,6539,134,191,97,211,1001,3670,2514,34,70,207,650,715,6435,2868,612,6117,61,340,237,1790,326,85,4434,119,4,4682,254,3118,2825,554,3,253,13,136,120,5448,1595,12,37,16,3100,2432,9,89,113,4,95,68,68,834,20,2811,217,259,1,0,4,112,10,363,237,18,106,909,34,102,810,5383,0,275,9,267,9328,9,9,804,6,498,424,15,338,0,13,115,638,6,8,291,7,10,46,38,12,191,1949,3,15,30,320,10,10,56,7,15,162,7,26,26,14,43,18,24,69,252,6,98,20,6,16,1,401,9,2,0,13,2,22,0,0,54,0,13,58,2,13,2,1,4,3,0,6,0,1,0,0,0,0,3,7,8,0,8,11,19,19,1,31,0,0,0,0,12,29,1,0,0,0,16,0,6,14,0,0,0,0,6,0,0,0,0,0,0,0,0,0,0,0,0,0,0,4,0,0,0,0,0,0,0,0,0,0,0,1,0,0,0,0,0,0,0,0,0,1
72406ec12b191d2fa211cf1899e62c9257379d5bdd1d850c66cc546685f3d8ea.exe,2281472,12587,4008,3989,4005,4038,4083,4296,4024,0,0,0,0,0,0,0,0,0,4,0,0,0,0,0,0,0,1,0,0,0,0,0,0,0,0,0,0,0,0,0,0,0,0,0,0,0,0,1,0,0,0,2,0,8,0,0,0,0,0,0,0,0,22,17,27,0,0,0,0,0,0,0,0,0,0,0,0,2,0,0,0,0,0,0,0,0,0,1,0,0,0,0,0,0,0,3925,3925,3998,1,1,0,0,0,0,0,8155,119,33372,403,1035,7640,13538,117,8646,2091,885,1847,1440,232,473,671,345,2966,83114,9303,1350,623,1971,144,26,22199,26,32796,273,248,18062,23423,15010,1443,31,9552,7607,606,8289,8237,496,7698,44,168,5635,5676,23538,121,176,86,207,1055,244,647,164,180,384,280,314,500,2336,818,1035,60,337,221,5236,317,22,1328,141,4,240,223,316,138,526,6,168,58,289,242,732,741,164,175,166,2410,558,18,102,108,5,299,12,12,283,36,111,244,343,18,3,5,89,12,468,411,78,149,6894,38,35,200,4044,28,205,1,200,46,4,4,159,13,72,60,31,513,2,39,160,662,6,10,211,6,9,40,26,14,225,397,2,16,32,209,6,6,58,6,16,120,6,27,27,12,83,16,22,82,355,6,47,24,5,50,4,424,22,7,1,4,2,12,0,0,0,0,0,13,4,16,6,3,5,4,0,0,0,1,0,0,0,0,0,0,0,0,0,0,8,8,2,3,0,0,0,0,0,0,0,0,0,0,2,1,2,2,0,0,0,0,0,0,0,0,0,0,0,0,0,0,0,0,0,0,0,0,0,0,0,0,0,0,0,0,0,0,0,0,0,0,0,0,0,0,0,0,0,1
74e14cc8497d3e696c8f30e353dddad3730caf19967b749b978c95d94fa599f6.exe,3724083,27701,9092,9028,9032,9060,9174,9432,9144,0,0,0,0,0,0,0,0,0,4,0,1,1,0,0,0,0,1,0,0,0,0,0,0,0,0,1,0,0,0,0,0,0,0,0,0,0,0,1,0,0,0,2,0,8,0,0,0,0,0,0,0,0,61,49,55,0,0,0,0,0,0,0,0,0,1,0,0,2,0,0,0,0,0,0,0,1,0,5,0,0,0,3,1,0,0,8999,8999,9150,1,1,0,0,0,0,0,5634,108,4360,190,877,8012,23681,104,213,315,126,507,530,2,4,309,146,130,32653,643,76,34,1119,125,0,47589,0,46983,97,57,2090,2220,2333,115,45,23249,119,370,188,147,11,179,26,148,661,683,46159,107,110,108,88,1177,48,937,50,26,124,66,80,145,886,22,161,13,12,18,415,11,1,576,1,12,50,24,49,78,48,1,24,48,180,171,540,552,503,503,503,448,310,15,46,97,17,291,16,16,445,40,54,85,32,27,3,11,19,6,194,341,10,11,17,8,11,324,215,52,43,0,11,7,3,3,27,0,2,0,8,9,1,3,2,13,0,2,39,0,3,0,0,0,0,0,0,3,6,39,0,0,13,0,1,13,1,8,8,0,26,1,8,1,6,0,8,5,0,1,0,17,0,0,0,0,0,35,1,2,0,0,2,0,0,0,0,0,1,2,0,0,0,2,0,0,0,0,0,0,0,0,0,1,2,2,0,0,0,0,0,0,0,0,0,0,0,0,0,1,0,0,0,0,0,1,1,0,0,0,0,0,1,0,0,0,0,0,0,0,0,0,0,0,0,0,0,0,0,0,0,0,0,0,0,0,0,0,0,0,0,0,0,1
87f1bbfe76d7dfd6d0e2c15caf434309086c3ee93fa06f5643e81206bdf58c3a.exe,679424,5321,1754,1715,1793,1783,1772,1787,1771,0,0,0,0,0,1,1,0,0,1,0,0,0,0,0,0,0,0,0,0,0,0,0,0,0,0,0,0,0,0,1,0,1,0,0,0,0,0,0,0,0,0,1,0,0,0,0,0,0,0,0,0,0,12,13,11,0,0,0,0,0,0,0,0,0,0,0,0,0,0,0,0,0,0,0,0,0,0,0,0,0,0,0,0,0,0,1788,1788,1819,1,1,0.000187935,0.000187935,0,0.000375869,1,6413,68,27349,360,956,6562,11673,64,8752,1748,736,2876,960,273,547,998,1121,2941,90614,7633,528,426,1367,153,46,18957,46,30265,92,88,17694,18014,11218,466,40,7068,6950,530,8263,8208,247,421,28,84,4960,4979,21051,69,69,43,217,924,177,419,170,131,275,205,225,244,477,507,184,40,66,124,3960,79,17,605,63,4,64,100,170,122,63,4,68,54,240,214,626,699,180,186,180,1196,334,10,56,56,6,309,122,122,19,14,101,60,39,19,3,6,58,8,259,180,12,5,6664,23,19,200,1010,28,88,1,20,47,1,1,29,1,4,4,20,481,2,6,4,18,2,2,89,2,8,26,32,5,35,0,0,6,18,95,2,2,24,2,4,30,2,12,12,6,61,6,13,9,11,2,25,19,3,44,3,10,62,1,1,1,1,0,4,0,0,0,0,11,0,0,0,0,0,0,0,3,0,0,0,0,0,4,0,0,0,0,1,2,0,0,0,0,0,2,0,0,0,0,0,0,0,4,0,0,0,0,0,0,0,0,0,0,0,0,0,1,0,0,0,0,0,0,0,1,0,0,0,0,0,0,0,0,0,0,0,0,0,0,0,0,0,0,0,0,0,0,0,1
d44a5f262ccb43f72ee2afde3e3ff2a55bbb3db5837bfa8aac2e8d7195014d8b.exe,211968,477,49,57,33,34,15,43,31,0,0,0,0,0,0,0,0,0,1,0,0,0,0,0,0,0,0,0,0,0,0,0,0,0,0,0,0,0,0,0,0,0,0,0,0,0,0,0,0,0,0,0,0,2,0,0,0,0,0,0,0,0,1,0,0,0,0,0,0,0,0,0,0,0,0,0,0,0,0,0,0,0,0,0,0,0,0,0,0,0,0,3,0,0,0,15,15,23,1,1,0,0,0,0,0,8394,84,28650,1118,1736,5530,11672,77,7928,1204,472,2224,854,91,183,540,912,2072,90937,7902,514,698,1361,152,43,20354,43,32017,88,131,17739,17948,11872,1329,30,7749,7035,578,8311,8256,285,11925,28,380,5076,5096,21672,74,389,57,345,2046,285,1352,179,141,621,371,395,593,548,517,571,36,86,136,4008,79,12,636,61,3,398,460,536,455,58,3,85,55,259,225,672,765,189,197,190,1371,336,12,59,80,5,369,265,265,488,19,126,73,52,24,3,3,59,10,281,186,12,7,6714,21,17,200,1096,28,111,13,30,59,1,1,334,1,6,6,23,577,2,7,4,24,2,2,122,2,10,26,562,7,62,0,0,5,10,114,3,3,35,2,52,120,2,21,21,4,66,11,20,12,19,3,37,16,4,43,3,21,115,1,3,1,3,50,4,0,3120,0,59,4,0,0,0,0,1,0,0,5,0,1,0,0,0,0,1,2,2,0,1,2,2,2,0,0,0,2,0,0,0,0,0,0,0,0,0,0,0,0,0,0,0,0,0,0,0,0,0,0,0,0,0,0,0,0,0,1,0,0,0,0,0,0,0,0,0,0,0,0,0,0,0,0,0,0,0,0,0,0,0,1
6695641abf1570268dcfcc3728d35eff3857c1b5e43b0a4ac151522797759fb9.exe,177664,1421,187,150,130,87,99,96,98,0,0,0,0,0,0,0,0,0,1,0,0,0,0,0,0,0,0,0,0,0,0,0,0,0,0,0,0,0,0,0,0,0,0,0,0,0,0,0,0,0,0,0,0,2,0,0,0,0,0,0,0,0,0,1,1,0,0,0,0,0,0,0,0,0,0,0,0,1,0,0,0,0,0,0,0,0,0,0,0,0,0,3,0,0,0,72,72,76,1,1,0,0,0,0,0,8879,145,35125,647,1612,7279,11592,141,7780,2171,486,1900,1353,59,127,660,693,1880,75694,9814,1475,829,1739,178,52,20035,52,30493,223,617,19347,24988,16984,1458,36,8581,7945,479,8317,8264,273,12332,43,503,5548,5595,20939,142,213,98,340,1299,398,726,193,204,441,314,355,668,2886,898,1181,71,343,223,4837,246,27,1324,157,11,333,272,492,197,423,11,217,42,270,236,683,739,149,160,150,3544,549,11,113,131,8,299,89,89,1405,29,159,200,235,16,3,7,101,14,954,412,74,90,6956,50,38,200,6966,46,320,4,149,54,3,3,165,26,77,65,26,701,4,41,99,425,8,18,334,7,10,58,636,20,206,421,0,22,44,326,9,9,62,8,31,128,9,33,33,12,83,18,23,51,214,5,78,29,7,55,5,250,67,7,1,4,4,98,0,4,339,2,50,14,4,16,6,12,4,5,4,4,1,151,16,12,6,5,1,2,2,0,1,1,6,6,2,3,0,0,1,0,0,0,0,0,0,0,2,1,2,2,19,1,0,0,0,0,0,0,0,1,0,0,0,0,0,0,0,0,0,0,0,0,0,0,0,0,0,0,0,0,0,0,0,0,0,0,0,0,0,0,0,1
af93184558add5c5f7c3551e94f2fbecde5aeba5141be7d29f4577b67551a35a.exe,3246080,29277,3697,3618,3673,3425,2965,5956,3771,2,0,0,4,0,0,0,0,0,27,2,0,0,0,0,0,3,1,1,0,0,0,1,0,0,0,3,0,1,0,0,0,0,1,0,0,0,0,0,0,0,0,9,8,36,0,2,0,0,0,0,2,0,24,17,13,10,1,0,1,1,0,2,0,0,0,0,4,4,0,0,0,0,0,20,1,0,0,3,0,0,1,0,1,0,0,3249,3249,3330,1,1,0,0,0,0,0,6503,125,5662,290,1158,7807,20045,151,1019,1022,370,2534,937,97,194,1789,1209,1547,29288,1231,254,1815,1118,200,96,40280,96,40456,117,66,3521,3670,3010,132,80,19378,221,351,227,178,37,189,26,24,867,891,38470,129,129,111,182,1921,81,982,54,27,54,86,108,175,924,113,840,41,6,23,461,35,66,656,52,13,68,36,80,90,54,3,4,27,157,159,577,593,415,415,416,709,307,8,43,104,18,288,207,207,31,25,66,105,26,27,3,12,32,9,291,187,10,7,9,16,16,324,608,52,52,0,11,10,2,2,40,0,3,1,6,140,0,3,2,23,0,2,46,2,7,3,12,0,4,0,0,3,11,53,1,1,8,1,2,17,1,9,9,4,18,3,6,2,4,0,17,15,1,6,0,9,95,0,0,0,0,0,4,0,3,0,684,35,0,0,0,0,0,2,0,3,0,0,0,0,0,38,1,2,8,0,0,2,0,0,0,0,0,2,0,0,0,0,0,0,0,38,0,1,0,0,0,0,2,1,1,0,0,0,0,1,1,0,0,0,0,0,0,13,2,0,0,0,0,0,0,0,0,0,0,0,0,0,0,0,0,0,0,0,0,0,0,1
c631446f0af048680de353abf2c26bcaadd2fb01a015f3663174610341274a43.exe,134190,1337,338,280,369,278,277,455,327,0,0,0,0,0,0,0,0,0,1,0,0,0,0,0,0,0,0,0,0,0,0,0,0,0,0,0,0,0,0,0,0,0,0,0,0,0,0,0,0,0,0,1,0,1,0,0,0,0,0,0,0,0,12,2,1,0,0,0,0,0,0,1,0,0,0,0,0,0,0,0,0,0,0,0,0,0,0,0,0,0,0,0,0,0,0,299,299,302,1,1,0,0,0,0,0,7946,139,35718,837,2164,6025,6501,131,7874,2328,959,3934,1767,319,646,760,1410,3858,43225,11176,1726,5447,2192,35395,28,8570,28,15480,150,939,27097,28811,17212,1334,241,3000,6727,734,5632,5584,170,2811,41,878,10032,10105,9688,135,185,96,804,4352,633,1758,176,212,534,1062,1116,1029,2710,1000,1516,168,414,245,2830,196,22,1209,175,9,836,265,545,199,409,4,303,48,316,257,797,562,54,57,56,3659,554,27,177,128,10,244,267,267,773,48,164,498,140,19,3,12,116,29,393,329,50,33,5648,59,36,200,5059,28,321,1,84,157,4,4,399,10,97,84,30,768,5,28,33,161,12,14,339,12,20,74,43,21,168,393,0,29,58,349,15,15,68,11,24,716,10,52,52,16,88,20,27,101,215,6,65,41,6,48,3,144,61,5,4,5,3,71,1,6,12,0,231,65,3,12,4,2,4,3,6,4,0,3,0,0,0,0,4,8,8,0,0,0,10,10,1,60,0,0,0,0,0,0,0,0,0,0,2,1,2,2,0,0,0,0,89,0,0,0,0,0,0,0,0,0,0,0,0,0,0,0,0,0,0,0,0,0,0,0,0,0,0,0,0,0,0,0,1,0,0,0,0,1
1942aac761bc2e21cf303e987ef2a7740a33c388af28ba57787f10b1804ea38e.exe,58368,491,53,30,20,8,12,11,8,0,0,0,0,0,0,0,0,0,1,0,0,0,0,0,0,0,0,0,0,0,0,0,0,0,0,0,0,0,0,0,0,0,0,0,0,0,0,0,0,0,0,0,0,2,0,0,0,0,0,0,0,0,0,0,0,0,0,0,0,0,0,0,0,0,0,0,0,1,0,0,0,0,0,0,0,0,0,0,0,0,0,3,0,0,0,10,10,10,1,1,0,0,0,0,0,6744,104,3894,244,2609,5404,20055,100,219,326,119,518,491,2,4,320,148,129,27878,524,126,44,991,125,0,40254,0,39790,99,58,1597,1911,1847,111,49,19647,132,332,189,148,8,249,26,13,521,537,39038,108,108,100,122,3662,50,2119,49,24,52,49,59,118,812,25,170,9,1,10,362,2,1,548,1,12,61,31,59,119,49,1,19,54,159,164,459,483,422,422,422,469,319,8,27,86,16,289,22,22,32,32,61,69,20,28,3,9,13,5,232,354,12,9,60,7,11,324,314,52,39,0,10,26,2,2,30,0,2,0,5,5,0,5,3,12,0,2,42,0,0,0,181352,0,0,0,0,2,4,31,0,0,5,0,13,12,1,8,8,2,18,1,3,3,5,0,12,2,0,2,0,9,0,0,0,0,1,0,1,0,0,1,15,0,0,0,0,0,0,2,0,0,0,1,0,0,0,0,0,0,0,0,0,1,0,0,0,0,0,0,0,0,0,0,0,0,0,0,0,1,0,0,0,0,0,1,1,0,0,0,0,0,1,0,0,0,0,0,0,0,0,0,0,0,0,0,0,0,0,0,0,0,0,0,0,0,0,0,0,0,0,0,0,1
a5f47b1b2efcf8bd7e36a072941fb9ee0ce780e6f410d6c85c503ccea24d29e6.exe,49664,742,97,82,95,27,36,43,48,0,0,0,0,0,0,0,0,0,3,0,0,0,0,0,0,0,0,0,0,0,0,0,0,0,0,0,0,0,0,0,0,0,0,0,0,0,0,0,0,0,0,1,0,3,1,0,0,0,0,0,0,0,1,1,0,0,0,0,0,0,0,0,0,0,0,0,0,2,0,0,0,0,0,0,0,0,0,0,0,0,0,9,0,0,0,93,93,101,1,1,0,0,0,0,0,11124,223,43483,1714,3841,7934,6411,203,9003,4185,1605,8656,2909,435,890,1231,4145,7522,20570,11776,3261,2308,2741,344,202,11183,202,17382,287,2326,27329,29967,24538,2526,184,4064,7417,887,4090,4045,153,6051,49,1407,4921,5056,7839,212,385,146,761,3545,929,1856,184,284,991,1285,1414,2942,3113,1499,2320,160,650,331,3057,324,103,1377,250,15,1051,916,1447,666,470,0,350,43,299,255,470,736,22,25,20,8038,547,20,282,200,17,246,786,786,2706,37,279,436,345,20,3,22,227,27,618,321,42,92,5866,105,67,200,10505,29,696,20,234,3207,3,3,1203,16,179,151,34,1765,6,28,92,473,19,22,745,22,45,130,953,39,388,435,2,47,94,782,29,29,119,19,69,404,18,80,80,30,101,41,55,118,342,11,161,104,14,90,3,332,279,6,3,4,3,135,16,8,1746,2,134,103,4,24,4,2,4,3,8,15,0,2,0,0,0,0,10,20,20,0,2,6,9,9,1,14,0,8,0,63,13,30,2,3,0,0,6,1,2,6,0,0,0,0,0,0,0,0,0,0,0,0,0,1,0,0,60,69,0,0,0,0,0,0,0,0,0,0,0,0,60,0,0,0,0,0,0,1,1,0,0,1
1d6d47bf20d21b860d232a358481c477c36491134ea976372c69a0483e05a556.exe,11708928,149693,7967,8245,8622,10378,15546,38022,6805,0,0,0,1,1,0,0,0,1,13,0,0,0,0,0,0,13,1,4,0,1,0,0,0,0,0,0,0,0,0,0,0,0,0,0,0,0,0,0,0,0,0,3,7,39,3,3,0,0,2,1,9,0,97,36,30,0,0,0,8,0,3,4,0,1,2,0,3,1,1,1,0,0,0,5,3,0,0,0,0,0,0,0,1,0,0,6308,6308,7107,1,1,0,0,0,0,0,5924,56,25897,262,645,7695,12678,50,8291,1334,633,1225,578,228,457,646,144,2107,100679,7222,418,136,1285,96,0,20101,0,31663,78,37,15773,16297,10183,402,8,7582,6871,504,7867,7810,420,6083,29,92,4844,4862,23285,56,57,42,134,812,139,383,173,127,323,168,179,207,430,476,166,24,57,114,3915,71,1,588,55,3,55,85,153,109,61,3,72,33,241,215,658,725,205,211,205,1050,334,10,39,50,5,297,7,7,86,18,91,44,32,18,3,5,51,7,240,180,12,5,6659,15,14,200,1004,28,94,1,16,44,1,1,17,1,3,3,19,347,3,6,4,12,2,2,97,2,2,24,20,5,31,0,0,5,10,92,2,2,17,2,5,21,3,13,13,4,60,3,7,8,10,2,28,6,2,39,3,10,5,1,1,1,1,31,1,2,0,0,0,0,0,0,0,0,0,0,0,0,0,0,0,0,0,0,0,0,0,0,0,0,0,0,0,0,0,0,0,0,0,0,0,0,0,0,0,0,0,0,0,0,0,0,0,0,0,0,0,0,0,0,0,0,0,0,0,0,0,0,0,0,0,0,0,0,0,0,0,0,0,0,0,0,0,0,0,0,0,0,0,1
f433f2bb54439aef2f42823d954bcd61a7b3e537b220cc7f8028ab49faa5c01b.exe,54784,197,34,30,48,64,64,81,29,0,0,0,0,0,0,0,0,0,1,0,0,0,0,0,0,0,0,0,0,0,0,0,0,0,0,0,0,0,0,0,0,0,0,0,0,0,0,0,0,0,0,1,0,0,0,0,0,0,0,0,0,0,0,0,0,0,0,0,0,0,0,0,0,0,0,0,0,0,0,0,0,0,0,0,0,0,0,0,0,0,0,0,0,0,0,36,36,36,1,1,0,0,0,0,0,5095,87,10647,660,1298,13420,2947,86,1131,653,299,1531,1200,52,108,538,419,930,26898,4846,836,6334,1150,8286,1,3663,1,5585,86,333,12872,10125,7643,283,457,1093,385,652,160,126,39,461,24,704,6645,6676,4727,90,90,67,189,4581,584,1010,62,72,189,857,881,840,707,420,859,116,57,20,654,93,32,375,106,5,1423,223,220,55,232,3,446,252,95,93,1151,281,5,5,9,1785,273,55,134,70,3,221,56,56,849,28,36,148,26,31,0,3,58,10,207,47,29,2,282,21,48,324,2688,28,152,0,51,292,1,1,248,9,80,77,11,122,0,8,3,22,5,7,157,5,6,41,27,8,2,18,4,10,20,158,6,6,44,5,10,160,5,49,49,10,22,41,18,53,137,5,18,6,5,12,1,78,5,5,1,0,0,0,0,0,3,3,258,9,3,14,5,2,3,3,0,0,0,0,0,0,0,0,1,2,2,0,0,0,0,0,0,190,0,0,0,0,0,0,0,0,0,0,0,0,0,0,0,0,0,0,196,1,0,0,0,0,0,3,0,1,0,0,0,0,0,0,0,0,0,0,0,0,0,0,0,0,0,0,0,0,0,0,0,0,0,0,0,1
841f52f43cebec8602fee5688e076a6a24128fcd35969e85f9d921d467634d83.exe,7168,63,9,19,11,13,12,19,12,0,0,0,0,0,0,0,0,0,1,0,0,0,0,0,0,0,0,0,0,0,0,0,0,0,0,0,0,0,0,0,0,0,0,0,0,0,0,0,0,0,0,1,0,0,0,0,0,0,0,0,0,0,1,0,0,0,0,0,0,0,0,0,0,0,0,0,0,0,0,0,0,0,0,0,0,0,0,1,0,0,0,0,0,0,0,10,10,10,1,1,0,0,0,0,0,2218,101,9066,238,518,2301,2695,101,146,251,160,429,384,4,12,101,138,297,4721,2116,835,427,544,1128,0,4973,0,5191,55,33,1757,2514,2100,526,53,2206,300,125,107,109,19,238,12,39,663,688,4315,105,110,90,117,558,2288,319,46,70,167,120,140,1332,725,267,1715,32,87,65,484,86,5,384,60,6,321,131,161,80,143,0,32,43,78,68,1247,73,29,29,28,1237,709,5,50,86,3,118,19,19,78,37,42,46,27,25,3,3,32,2,291,412,40,7,103,20,13,122,1408,24,120,0,34,2702,3,3,150,10,55,47,11,124,1,15,7,50,3,7,125,4,3,14,5,6,1,52,5,7,14,123,4,4,27,4,8,16,3,13,13,6,34,10,9,41,111,3,12,3,3,10,1,70,2,4,0,3,2,18,1,2,0,0,4,9,3,12,4,2,3,4,0,0,0,0,0,0,0,0,0,0,0,0,1,0,4,4,0,3,0,0,0,0,0,0,0,0,0,0,2,1,0,0,0,0,0,2,5,0,0,0,0,0,1,0,0,0,0,0,0,21,0,0,0,0,1,2,1,1,1,0,0,0,0,0,0,0,0,0,0,0,0,0,0,1
b8a0caadf78b63714aa008164ba51694c2a33830cf1377d1b5a143317016254b.exe,28160,555,69,31,28,13,8,19,17,0,0,0,0,0,0,0,0,0,1,0,0,0,0,0,0,0,0,0,0,0,0,0,0,0,0,0,0,0,0,0,0,0,0,0,0,0,0,0,0,0,0,0,0,2,0,0,0,0,0,0,0,0,0,0,0,0,0,0,0,0,0,0,0,0,0,0,0,1,0,0,0,0,0,0,0,0,0,0,0,0,0,3,0,0,0,14,14,14,1,1,0,0,0,0,0,5097,70,26063,357,1066,4270,8584,62,7381,737,142,1326,639,26,53,371,575,661,69265,6901,444,323,1086,125,26,13678,26,24022,84,50,16280,16801,10305,452,34,4510,6925,300,6632,6581,523,11408,28,77,4442,4459,16150,72,72,47,237,4505,180,466,176,132,263,201,214,208,432,503,179,27,62,116,3479,68,5,592,56,3,62,97,160,115,58,3,76,73,239,212,541,638,133,133,136,1176,333,10,50,56,4,303,101,101,20,16,94,63,44,20,3,3,50,6,253,186,12,7,6704,20,13,200,1264,28,95,1,23,57,1,1,21,1,6,6,20,346,2,7,4,18,2,2,100,2,5,24,171418,5,31,0,0,5,10,92,3,3,27,2,4,31,2,10,10,4,62,6,15,12,14,3,33,20,4,37,2,10,32,1,1,1,2,0,3,0,3,1,38,0,0,0,0,0,0,0,0,2,0,1,0,0,0,0,1,2,2,0,1,1,0,0,0,0,0,2,0,1,0,0,0,0,0,0,0,0,0,0,0,0,0,0,0,0,0,0,0,0,0,0,0,0,0,0,1,5,0,0,0,0,0,0,0,0,0,0,0,0,1,0,0,0,0,0,0,0,0,0,0,1
